시점,대분류,중분류 ,상품 선택
30일 전,Home & Kitchen,Seasonal Décor,Advent Calendars
28일 전,Grocery & Gourmet Food,Frozen,Ice Cream
28일 전,Automotive,Oils & Fluids,Motor Oils
28일 전,Beauty & Personal Care,"Foot, Hand & Nail Care",Hand Creams & Lotions
26일 전,Kitchen & Dining,Small Appliance Parts & Accessories,Small Appliance Parts & Accessories
25일 전,Home & Kitchen,Bedding,Pillowcases 
22일 전,Books,"Cookbooks, Food & Wine",Cooking for One or Two 
21일 전,Grocery & Gourmet Food,"Dairy, Eggs & Plant-Based Alternatives",Dairy Milk
21일 전,Grocery & Gourmet Food,Produce,Cut & Packaged Vegetables
21일 전,Health & Household,Household Supplies,Toilet Paper
21일 전,Health & Household,Oral Care,Mouthwash
17일 전,Home & Kitchen,Storage & Organization,Kitchen Trash Cans
15일 전,"Clothing, Shoes & Jewelry",Boys,Sneakers
15일 전,Toys & Games,Games & Accessories,Board Games
11일 전,Office Products,Office & School Supplies,Desk Calendars
